"yes_or_no_ne_attribute","vendor","api_status_code_ne_attribute","invitation_status","should_we_demo_idproofing_ne_attribute","personal_email","personal_mobile","invitation_sent_date","personal_first_name","projects","demo_email","engagement_type_of_employment","profile_uid_ne_attribute","is_company_provided_training_required_ne_attribute","will_this_person_be_provided_equipment_ne_attribute","will_remote_access_be_required_ne_attribute","citizenship_ne_attribute","identitynow_id","personal_last_name","Status","UID"
"No","Acme Consulting","200","Accepted","No","Rebecca.Wright@acme.com","3126943434","07/08/2021","Rebecca","Identity Assessment - Sept 2020","demo+UVZOJ@seczetta.com","SOW Worker","C000268","Yes","Yes","Yes","Not Requested","ac110007-7a79-1039-817a-881fcac3039c","Wright","Active","547fc83b81ce4b2ab52914f1e4727c38"
"No","Acme Consulting","200","Accepted","Yes","carnold@acme.com","3034563214","06/11/2021","Clinton","Risk Assessment - Mar 2019","demo+VXTAB@seczetta.com","SOW Worker","C000240","Yes","Yes","Yes","Not Requested","ac110009-79d0-15ab-8179-fd0e663d0294","Arnold","Active","1ae19932a324482f8154108cd6d99462"
,"Cisco",,,,"Alex.Freeman",,"01/19/2021","Alex","Oracle Health Check - Sept 2010","cchristensen@seczetta.com",,,"No","Yes","No",,,"Freeman","Active","120a203e450b4fa7911b3f814e91cd50"
"Yes","Acme Consulting","200","Accepted",,"Harold.Sims@acme.com","3126943343","05/19/2021","Harold","IAM Consulting Services - Nov 2017","demo+IBNNS@seczetta.com","SOW Worker","C000208","Yes","Yes","Yes","Not Requested","ac110008-797a-17be-8179-84ac7b5e00d6","Sims","Active","ab479949a4074423ba1efce1621dd0df"
"No","Acme Consulting","200","Accepted","Yes","swarren@acme.com","3032144569","05/24/2021","Sophie","Risk Assessment - Mar 2019","demo+QWIWN@seczetta.com","SOW Worker","C000221","Yes","No","Yes","Not Requested","ac110008-797a-17be-8179-9f5a03cd03ad","Warren","Active","0a012287c4b14424846cb48fc92c0e53"
,"Acme Consulting","200","Accepted",,"bmichaels@acme.com","303-720-9876","03/30/2021","Barbara","SailPoint Services - Feb 2015","demo+PRIQE@seczetta.com",,"C000172","No","Yes","Yes",,"ac110008-785a-1fde-8178-80ec35a502e5","Michaels","Active","43bf81b6608b41d19e596ecd23347ad8"
,"Acme Consulting",,"Accepted",,"Eli.Watkins@acme.com","97015567","03/30/2021","Eli","IAM Consulting Services - Nov 2017","demo+NIUPW@seczetta.com",,,,,,,,"Watkins","Active","abf7ebea1d3540308b1c6c24851bb28b"
,"Acme Consulting","200","Accepted",,"Craig.Peterson@acme.com","3126943344","05/05/2021","Craig","SailPoint Implementation Services - July 2019","demo+BUCZI@seczetta.com",,"C000195","No","Yes","Yes",,"ac110004-793d-14e4-8179-3e4782d50008","Peterson","Active","fc5c0418292b46f39e96eed4688810a1"
"Yes","Acme Consulting","200","Accepted","No","bernice.turner@acme.com","","05/19/2021","Bernice","Oracle Workshop - June 2015","demo+JYMRT@seczetta.com","SOW Worker","C000212","Yes","Yes","Yes","Not Requested","ac110004-793d-14e4-8179-84e6bb502f34","Turner","Active","6ce91ad35c8b42f681bfabec2f315a5d"
"Yes","Acme Consulting","200","Accepted","No","Allen.Obrien@acme.com","9804787788","06/02/2021","Allen","On-Demand Outage Services - 2021","demo+BDXFY@seczetta.com","SOW Worker","C000231","Yes","Yes","Yes","Not Requested","ac110008-79a9-1e0e-8179-ce0f0b7604e8","Obrien","Active","fe3191fa757942f29e26cdc4e760339d"
"Yes","Acme Consulting","200","Accepted","No","bshible@acme.com","","05/19/2021","Blaise","Oracle Workshop - June 2015","demo+HLVVI@seczetta.com","SOW Worker","C000215","Yes","Yes","Yes","Not Requested","ac110004-793d-14e4-8179-85628aba3337","Shible","Active","24ff57019ccf4b6898dd47d4fd0cacef"
"No","Acme Consulting","200","Accepted","Yes","pperry@acme.com","8162156549","05/20/2021","Peggy","SailPoint Implementation Services - July 2019","demo+OBWNU@seczetta.com","SOW Worker","C000220","Yes","Yes","Yes","Not Requested","ac110004-793d-14e4-8179-8a75b24a41b9","Perry","Active","5a9e79ef74b542fb88e0d8bfc75426cf"
"No","Acme Consulting","200","Accepted","Yes","ejohnson@acme.com","2309875765","06/14/2021","Emma","IAM Consulting Services - Nov 2017","demo+VWAYW@seczetta.com","SOW Worker","C000241","Yes","Yes","Yes","Not Requested","ac110009-79d0-15ab-817a-0abb265002d7","Johnson","Active","73d316963ce74b51b567a7418b35af79"
,"Cisco",,,,"Mary.Boyd@acme.com",,,"Mary","Oracle Health Check - Sept 2010",,,,,,,,,"Boyd","Active","1024c8f41ff148bb934c4569dfc905bd"
,"Booz Allen Hamilton",,,,"Miriam.Ray@boozallen.com",,,"Miriam","Azure Implementation - Jan 2018",,,,,,,,,"Ray","Active","48b7b2034a4d448fba253f5b8d1d3dd2"
,"Protiviti",,,,"Hugh.Hicks@protiviti.com",,,"Hugh","Risk Consulting Services - Feb 2013",,,,,,,,,"Hicks","Active","2f2752b6137c48578c0c5279fdd85ff9"
,"Acme Consulting",,,,"LDedrick@acme.com",,,"Libby",,,,"C000957",,,,,,"Dedrick","Terminated","eadbb17d731949f5920e1e68d7529e64"
,"Acme Consulting","200",,,"GDiaz@acme.com","9702503344","02/23/2021","Gene","SailPoint Implementation Services - July 2019","thook@seczetta.com",,"C000151","Yes","Yes","Yes",,"ac110008-7781-14d1-8177-d115b655077a","Diaz","Terminated","1b403ef51b5e438fa62c19e02bc4a8f3"
,"Infosys",,,,"Margie.Harris@infosys.com",,,"Margie","Security Services - June 2010",,,,,,,,,"Harris","Active","45076907ba3047d4a546a0504523c4c3"
,"Acme Consulting",,"Accepted",,"Felicia.Carroll@acme.com",,"02/25/2021","Felicia","Oracle Workshop - June 2015","thook@seczetta.com",,"C000778","Yes","Yes","Yes",,"c09c8205-3bcc-438d-9f88-77113c248eb7","Carroll","Active","d8ec05e9f3804c49ae38d98df7b252d4"
,,,,,"cassie.christensens@seczetta.com",,,"Cassie",,,,"000000102",,,,,,"Christensens","Active","ef2decd361e14a47b9bb4ed6489dd705"
,"Acme Consulting","200","Accepted",,"kbowers@acme.com","","05/14/2021","Kayla","Oracle Workshop - June 2015","demo+KYWOX@seczetta.com",,"C000204","No","No","No",,"ac110004-793d-14e4-8179-6be892a92dab","Bowers","Active","24ccae85f41a4435bb95d5e29ede403a"
"No","Acme Consulting","200","Accepted","No","Dale.Foster@acme.com","9802346677","07/14/2021","Dale","Oracle Workshop - June 2015","demo+SIQID@seczetta.com","SOW Worker","C000276","Yes","Yes","Yes","Not Requested","ac110006-7a91-1f4f-817a-a706643c047e","Foster","Terminated","92baac1ce6ab44eebc382110c7dde83a"
,,,,,"wanda .williamson@seczetta.com",,,"Wanda ",,,,"000000100",,,,,,"Williamson","Active","ac7f9952a19e42e5945549710a03fe59"
,,,,,"Darlene.Carter@acme.com",,,"Darlene",,,,,,,,,,"Carter","Active","cc8f89416c9b4e50a6a3e0251d27599c"
,"KPMG",,,,"Stella.Bailey@kpmg.com",,,"Stella","IAM Quote - Aug 2012",,,,,,,,,"Bailey","Active","330d3958323044c8864cfc25b473f9eb"
,"Optiv",,,,"Wallace.Mcdonalid@optiv.com","3125453423","01/19/2021","Wallace","SecZetta Services - Nov 2018","thook@seczetta.com",,,,,,,,"Mcdonalid","Active","04d62669da554e99aa69398b4b977596"
,"Optiv",,,,"Allen.Wallace@optiv.com",,,"Allen","Azure Quote - Dec 2016",,,,,,,,,"Wallace","Active","943995d70ce346529de797a4a144e6d7"
,"PWC",,,,"Alyssa.Fuller@pwc.com",,,"Alyssa","Microsoft Health Check - Dec 2014",,,,,,,,,"Fuller","Active","b596b8932ce24dae9fb79f6fbc95e0af"
,"Acme Consulting",,"Accepted","Yes","Jerry.Barrett@acme.com","1231231233","06/28/2021","Jerry","SailPoint Services - Feb 2015","demo+BWMXR@seczetta.com","SOW Worker","C000257",,,,"Not Requested",,"Barrett","Active","8e736279614447b8bf4d3f9334a6a18a"
"No","Acme Consulting","200","Accepted","Yes","bhayes@acme.com","3032187654","06/07/2021","Beth","Identity Assessment - Sept 2020","demo+IOMIQ@seczetta.com","SOW Worker","C000234","Yes","Yes","Yes","Not Requested","ac11000a-79c1-1d05-8179-e72ed74b04dc","Hayes","Active","f52a2fc8b52742fc8bdbc327349ec338"
,,,,,"Harper.Duncan@acme.com",,,"Harper",,,,,,,,,,"Duncan","Active","c5e8d0299c9d484da8ab9879a8460146"
"No","Acme Consulting","200","Accepted","Yes","vrogers@acme.com","6547896548","05/25/2021","Vanessa","Risk Assessment - Mar 2019","demo+QVQFO@seczetta.com","SOW Worker","C000223","Yes","Yes","Yes","Not Requested","ac11000c-798b-119e-8179-a5381b950f14","Rogers","Active","a6f3c76e34514065ad2f0b9c8f928d25"
,"Acme Consulting","200",,,"alyssa.richardson@focalpoint.com","3035551234","02/01/2021","Alyssa","Risk Assessment - Mar 2019","thook@seczetta.com",,"C000130","No","Yes","Yes",,"ac110006-76f4-1acc-8177-60068113194d","Richardson","Active","f75fc29028ce4145b4b7695999f01e21"
,"Optiv",,,,"Ian.Turner@optiv.com",,"01/19/2021","Ian","SecZetta Services - Nov 2018","thook@seczetta.com",,,,,,,,"Turner","Active","50d6fd0650474f9083cd0e84e4ddc556"
,"Acme Consulting","200",,,"","9702346677",,"Liam ","On-Demand Outage Services - 2021",,,"C000158","No","Yes","Yes",,,"Hart","Active","01d4c880ef16410b8a24e4b15c883b06"
,"Acme Consulting",,"Accepted",,"aking@acme.com","9876676688","05/06/2021","Adam","IAM Consulting Services - Nov 2017","demo+RYWYZ@seczetta.com",,,,,,,,"King","Active","1735bef2d517480f8364ae92fd91e4e7"
,"Acme Consulting","200","Accepted",,"bbarrett@acme.com","3035551978","05/06/2021","Brayden","Oracle Workshop - June 2015","demo+QWTDO@seczetta.com",,"C000197","No","Yes","Yes",,"ac110004-793d-14e4-8179-4282590b001b","Barrett","Active","62b28ebf1aa6480da3613316c073d3b1"
,,,,"No",,"5554567895",,"Greg",,,"SOW Worker","C000227",,,,"Not Requested",,"Smith","Active","9275cf29f02c413e9b43baf6387c49ba"
,"Infosys",,,,"Olivia.Castro@infosys.com",,,"Olivia","IAM Workshop Services - Oct 2017",,,,,,,,,"Castro","Active","0f080d247dc34159ac2b9f4f4aa5dbb6"
,"Acme Consulting","200","Accepted",,"Rachel.Hayes@acme.com","3126943333","04/30/2021","Rachel","SailPoint Implementation Services - July 2019","demo+XUKMQ@seczetta.com",,"C000191","No","Yes","Yes",,"ac110006-78f0-197f-8179-23bdcca30560","Hayes","Active","1d1990589fba4aa08f2eddf4a453f23d"
"No","Acme Consulting","200","Accepted","Yes","jsmith@acme.com","3034569876","07/13/2021","Jackson","Risk Assessment - Mar 2019","demo+TBZWH@seczetta.com","SOW Worker","C000271","Yes","Yes","Yes","Not Requested","ac110008-7a81-176e-817a-a08b73b50489","Smith","Active","284b06a0ba904ba9abfb0c936026ba93"
,"Acme Consulting","200","Accepted",,"kgraham@acme.com","9703488889","04/22/2021","Katie","IAM Consulting Services - Nov 2017","demo+NQFBV@seczetta.com",,"C000186","Yes","No","No",,"ac11000a-78f0-1985-8178-fb8dd93f00a6","Graham","Active","1c247c98841f4e4faca43270433bc8a8"
,"Acme Consulting","200",,,"April.Bryant@focalpoint.com","3126943876","01/19/2021","April","Oracle Workshop - June 2015","thook@seczetta.com",,"C000116","Yes","Yes","Yes",,"ac11000a-76f4-18c2-8177-1c9e158f0623","Bryant","Active","ad8196654565412db8c60a4a7d279a7f"
,"Acme Consulting",,,,"Anne.Miles@acme.com",,"03/12/2021","Anne","IAM Consulting Services - Nov 2017","thook@seczetta.com",,"C000987","No","Yes","Yes",,,"Miles","Active","a5b4abbb47364256b3a881092734010b"
,,,,,"jennie.crawford@seczetta.com",,,"Jennie",,,,"000000101",,,,,,"Crawford","Active","52560a566d8a433097b6ea4f218dea91"
"No","Acme Consulting","200","Accepted","Yes","enguyen@acme.com","3036541256","07/06/2021","Everett","Identity Assessment - Sept 2020","demo+CITMT@seczetta.com","SOW Worker","C000263","Yes","Yes","Yes","Not Requested","ac110007-7a79-1039-817a-7d1d337f001e","Nguyen","Active","0a6cd1ba3aa649f39b5c09efad25d325"
,,,,,"virgil.marshall@seczetta.com",,,"Virgil",,,,"000000097",,,,,,"Marshall","Active","7aa4d44afa8a41b581f9db45e0759477"
"No","Acme Consulting","200","Accepted","No","Bobbie.James@acme.com","3126943434","06/21/2021","Bobby","Oracle Workshop - June 2015","demo+UGGSU@seczetta.com","SOW Worker","C000247","Yes","Yes","Yes","Not Requested","ac110009-7a10-13b9-817a-3086ffeb367a","James","Active","f19b170d8ef14b24acbe2a1697abed1b"
,"Acme Consulting",,,,"Linda.Mason@pwc.com",,,"Linda",,,,"C000756",,,,,,"Mason","Active","8303adc3847c4693b7ed5686c53fa73d"
,,,,,"Joan.Harvey@acme.com",,,"Joan",,,,,,,,,,"Harvey","Active","5c03c473c25a4a8aa63fdf352d0b738b"
,"Infosys",,,,"Bella.Richards@infosys.com",,,"Bella","Security Workshop - Jan 2015",,,,,,,,,"Richards","Active","c9bee77109b649a598711444ce66dfce"
,"Accenture",,,,"Edna.Robertson@accenture.com",,,"Edna","SailPoint Quote - Oct 2010",,,,,,,,,"Robertson","Active","6a69c40cb8e4473e8177519a68ed7c80"
,,,,,"tjohnson@acme.com",,,"Tommy",,,,,,,,,,"Johnson","Active","dfb59fa500d0411fb82f7c05d64a289a"
,,"200",,,"cdavidson@zcorp.com",,,"Clinton",,,,,"Yes","Yes","No",,"ac11000c-798b-119e-8179-a4004f400f05","Davidson","Active","b571f027b04441fdb2e5e0d5888c2913"
,"Accenture",,,,"Mia.Bishop@accenture.com",,,"Mia","SailPoint Quote - Oct 2010",,,,,,,,,"Bishop","Active","c4b3643000dc4a6d800f0a35ea85b324"
"No","Acme Consulting","200","Accepted","Yes","swells@acme.com","3032134321","06/15/2021","Shane","SailPoint Services - Feb 2015","demo+EVVKQ@seczetta.com","SOW Worker","C000244","Yes","Yes","Yes","Not Requested","ac110006-7a10-13c9-817a-10ab1c7e0006","Wells","Active","2ddb5f0919a947a7a8acff1d49213895"
,"Acme Consulting","200","Accepted",,"warrenday@acme.com","816-217-7560","04/09/2021","Warren","SailPoint Implementation Services - July 2019","demo+HYCRI@seczetta.com",,"C000176","No","Yes","Yes",,"ac110004-7876-14b5-8178-b80087f60307","Day","Active","7d4b4734287c4ac2913358fcd7f3cbac"
,"Acme Consulting",,"Accepted","No","Herman.Beck@acme.com","","06/14/2021","Herman","SailPoint Implementation Services - July 2019","demo+ZMUEH@seczetta.com","SOW Worker","C000243",,,,"Not Requested",,"Beck","Active","8bd13c6437c14686af512b0f9c1302d8"
,"Accenture",,,,"Andrea.Stanley@acme.com",,,"Andrea",,,,"C006543",,,,,,"Stanley","Active","d98f887b991e474ba7cdb925ad0f8dcf"
,"Acme Consulting","200","Accepted",,"Sherri.Gonzalez@acme.com","3126944444","05/03/2021","Sherri","IAM Consulting Services - Nov 2017","demo+YQZIR@seczetta.com",,"C000193","No","Yes","Yes",,"ac110006-78f0-197f-8179-33e2028405e5","Gonzalez","Active","afb77af6f46c47faa11525e76dc048f0"
,"Acme Consulting",,"Accepted",,"Debbie.Lucas@acmee.com","312.694.3878","03/18/2021","Debbie","IAM Consulting Services - Nov 2017","demo+SFYXG@seczetta.com",,"C000844",,,"Yes",,,"Lucas","Active","d64f5897522e44b59f59f3bd8fb13a56"
,"Deloitte",,,,"Joseph.Ford@deloitte.com",,,"Joseph","SecZetta Quote - Apr 2016",,,,,,,,,"Ford","Active","b7771c91138549cf99a5a868d6260cf0"
,"Deloitte",,,,"Clinton.Burns@acme.com",,,"Clinton",,,,"C004335",,,,,,"Burns","Active","c63f8ad150e4408c8f59ecfa4547bc06"
,"Acme Consulting","200","Accepted","No","Tiffany.Rogers@acme.com","9702507788","06/10/2021","Tiffany","Oracle Workshop - June 2015","demo+JXXHN@seczetta.com","SOW Worker","C000238","Yes","Yes","No","Not Requested","ac110009-79d0-15ab-8179-f7a8f4890252","Rogers","Active","fd034c0143f745e1adb06f236da45eb2"
,"Infosys",,,,"Micheal.Perkins@infosys.com",,,"Micheal","IAM Quote - Jan 2010",,,,,,,,,"Perkins","Active","a6d8dbcc15244bf5a36cdcad9e87ac3c"
"No","Acme Consulting","200","Accepted",,"jcole@acme.com","3132563652","06/04/2021","Jason","Risk Assessment - Mar 2019","demo+WWYBF@seczetta.com","SOW Worker","C000233","Yes","Yes","Yes","Not Requested","ac110009-79d0-15ab-8179-d81f35e00077","Cole","Active","d16440376bbd4bcb8c70fa9dbda1fd4d"
,"Acme Consulting","200","Accepted",,"kmiller@acme.com","3032567894","05/12/2021","Kate","IAM Consulting Services - Nov 2017","demo+SKRZV@seczetta.com",,"C000202","No","Yes","Yes",,"ac11000a-7951-1253-8179-61a0e81f012d","Miller","Active","2b011a10820844de921ad25629f33719"
,"Acme Consulting",,"Accepted",,"Alexa.Spencer@acme.com","3126943232","05/19/2021","Alexa","On-Demand Outage Services - 2021","demo+RBOJT@seczetta.com",,,,,,,,"Spencer","Active","854db66274b14e8983f05b495ffcde06"
"No","Acme Consulting","200","Accepted","Yes","jruiz@acme.com","6162544563","05/28/2021","Joy","Risk Assessment - Mar 2019","demo+LOCLY@seczetta.com","SOW Worker","C000226","Yes","Yes","Yes","Not Requested","ac110008-79a9-1e0e-8179-b40cc22b0259","Ruiz","Active","90313f61ea6f46139005094d2c383a82"
,"Acme Consulting",,"Accepted","No","stufts@acme.com","3032501234","06/04/2021","Sean",,"demo+QBBWN@seczetta.com","SOW Worker","C000232",,,,"Not Requested",,"Tufts","Terminated","945d0fa9dc77488c8b5bfff238d64971"
"No","Acme Consulting","200","Accepted","No","Lena.Douglas@acme.com","3126954545","06/29/2021","Lena","Identity Assessment - Sept 2020","demo+JLMGX@seczetta.com","SOW Worker","C000259","Yes","Yes","Yes","Not Requested","ac11000a-7a34-165d-817a-597f1c7001b7","Douglas","Active","4660e993fd8b4863b1dae6cee3b22d96"
,"Acme Consulting",,,,"Mary.Hopkins@cisco.com",,,"Mary","IAM Services - May 2014",,,,"No","No","Yes",,,"Hopkins","Inactive","b7cb07e895124c24bfc0cb36e5e3c90a"
,"Infosys",,,,"Alice.Jimenez@infosys.com",,,"Alice","Azure Implementation - Oct 2017",,,,,,,,,"Jimenez","Active","16f2130eadc34f02859af2511180eb3d"
,"Acme Consulting","200","Accepted",,"llopez@acme.com","3036988596","05/06/2021","Lauren","IAM Consulting Services - Nov 2017","demo+BBEQJ@seczetta.com",,"C000198","No","Yes","Yes",,"ac110004-793d-14e4-8179-42ee7b4e001e","Lopez","Active","5e9026dd4d584c09a99145aba3b77e3b"
,"Acme Consulting",,,,"genesisturner@acme.com",,"03/12/2021","Genesis","SailPoint Implementation Services - July 2019","thook@seczetta.com",,"C000176",,,,,,"Turner","Active","30bdcee0983749fa99e2dbb4c7583084"
,"Ernst & Young",,,,"Megan.Castro@ey.com",,,"Megan","SailPoint Quote - July 2011",,,,,,,,,"Castro","Active","5b70fc2755ff4d90aee9530ff4181022"
,"Acme Consulting","200","Accepted",,"tmills@acme.com","3036457895","04/26/2021","Teresa","Oracle Workshop - June 2015","demo+YIEII@seczetta.com",,"C000187","No","Yes","Yes",,"ac110006-78f0-197f-8179-0f28e196013b","Mills","Active","beeb0c0735bb44be9bae40471a0f0d52"
,"Accenture","200","Accepted",,"eolson@acme.com","9705259966","04/21/2021","Evelyn","SailPoint Quote - Oct 2010","demo+YFKLY@seczetta.com",,"C000181","No","Yes","No",,"ac110006-78f0-197f-8178-f262cdad0044","Olson","Active","2ab82cb28bfe48ca836bc2af4aa13860"
,"IBM",,,,"Joshua.Moore@ibm.com",,,"Joshua","Financial Workshop Services - June 2017",,,,,,,,,"Moore","Active","6a2413a413904468875f8ca2e4551dbb"
,"Optiv",,,,"Deann.Shaw@optiv.com",,"01/19/2021","Deann","SecZetta Services - Nov 2018","thook@seczetta.com",,,,,,,,"Shaw","Active","db152da2c5be438aa889bc9548e12f16"
"Yes","Acme Consulting","200","Accepted","Yes","Tom.Kennedy@acme.com","3126943434","05/19/2021","Tom","SecZetta Health Check - July 2016","demo+QBNSB@seczetta.com","SOW Worker","C000211","Yes","Yes","Yes","Not Requested","ac110008-797a-17be-8179-84ddef7900e8","Kennedy","Active","f1017b467daf475d91dc31644eac192c"
"No","Acme Consulting","200","Accepted","Yes","Myrtle.Simpson@acme.com","3126943434","06/21/2021","Myrtle","IAM Consulting Services - Nov 2017","demo+MTNWM@seczetta.com","SOW Worker","C000246","Yes","Yes","Yes","Not Requested","ac110009-7a10-13b9-817a-3055664d3674","Simpson","Active","59f374cd7f4f4d668b8a0cd08d0d4b60"
,,,,,"jossy.grahams@seczetta.com",,,"Jossy",,,,"000000098",,,,,,"Grahams","Active","7150b68607424c868f2ed1973722abae"
,"PWC",,,," GRice@Acme.com",,,"George",,,,,,,,,,"Rice","Active","5918621b40fb4c9b9b4b4bf88b4f3025"
,"PWC",,,,"Brianna.Porter@pwc.com",,,"Brianna","SailPoint Workshop - Sept 2012",,,,,,,,,"Porter","Active","7932d60c271444fcae0fc566a5378f5a"
"No","Acme Consulting","200","Accepted","No","Ashley.Banks@acme.com","3126943434","05/19/2021","Ashley","On-Demand Outage Services - 2021","demo+BGHJL@seczetta.com","SOW Worker","C000216","No","Yes","Yes","Not Requested","ac110008-797a-17be-8179-857c70f102a8","Banks","Active","da06e98a568347a7a1c77b2b9d3c2777"
"No","Acme Consulting","200","Accepted","Yes","anguyen@acme.com","8162144562","06/10/2021","Ashley","Identity Assessment - Sept 2020","demo+MLXWY@seczetta.com","SOW Worker","C000237","Yes","Yes","Yes","Not Requested","ac110009-79d0-15ab-8179-f75bfaf5024a","Nguyen","Active","2fabfebe735e4147bcad5dad3626b652"
,,,,,"Ethan.Ramirez@acme.com","+44 123123123",,"Ethan",,,,,,,,,,"Ramirez","Active","ea3782db6d51456493cf9313211b5ecc"
"No","Acme Consulting","200","Accepted","No","dcraig@acme.com","3031254567","08/02/2021","Dianne","IAM Consulting Services - Nov 2017","demo+VZROT@seczetta.com","SOW Worker","C000280","Yes","Yes","Yes","Not Requested","ac110006-7af4-148c-817b-07ffca6c010a","Craig","Active","930196e260394220bd9d28c4e3727b9d"
"No","Acme Consulting","200","Accepted","No","Samuel.Black@acme.com","9804601234","06/30/2021","Samuel","Oracle Workshop - June 2015","demo+JYUOX@seczetta.com","SOW Worker","C000260","Yes","Yes","Yes","Not Requested","ac11000a-7a34-165d-817a-5d0ef0be0217","Black","Active","4dc18f81ed4f43acb916d580e2b79aa3"
,"Booz Allen Hamilton",,,,"Minnie.Anderson@boozallen.com",,,"Minnie","Azure Implementation - Jan 2018",,,,,,,,,"Anderson","Active","93c1946c8435452fb4983b67217678f5"
"No","Acme Consulting","200","Accepted","Yes","jlane@acme.com","3039876789","06/23/2021","Jar","Risk Assessment - Mar 2019","demo+GGZAE@seczetta.com","SOW Worker","C000253","Yes","Yes","Yes","Not Requested","ac11000a-7a34-165d-817a-3a30706c006a","Lane","Active","7197abf6560d433bb8578e0e592c7139"
"Yes","Acme Consulting","200","Accepted","No","Sandra.Stephens@acme.com","9708971237","06/24/2021","Sandra","Risk Assessment - Mar 2019","demo+MYSVN@seczetta.com","SOW Worker","C000254","Yes","Yes","Yes","Not Requested","ac11000a-7a34-165d-817a-3f29b7ad00da","Stephens","Active","38e4c5c114754dc5ae0092daac36020e"
"Yes","Acme Consulting","200","Accepted","Yes","Heidi.Lane@acme.com","","05/26/2021","Heidi","On-Demand Outage Services - 2021","demo+HHKDD@seczetta.com","SOW Worker","C000224","Yes","Yes","Yes","Not Requested","ac110008-79a9-1e0e-8179-a9abbddb0007","Lane","Active","8a1353d534664382abde20ec5879e253"
,"Protiviti",,,,"Annie.Evans@protiviti.com",,,"Annie","Identity Assessment - Sept 2012",,,,,,,,,"Evans","Active","9d3f83cddbac472c8874dd613773b5fb"
,"Acme Consulting","200","Accepted",,"hfranklin@acme.com","9806784455","05/03/2021","Howard ","IAM Consulting Services - Nov 2017","demo+HQYMZ@seczetta.com",,"C000192","Yes","No","Yes",,"ac110006-78f0-197f-8179-32b3d21f05c8","Franklin","Active","1a3fd83d162f4d3e85c1cb83b0e231b9"
,,,,,"Mitchell.Stephens@acme.com",,,"Mitch",,,,,,,,,,"Stephens","Active","18786f2d511642549b3de0d0cdc734ce"
"No","Acme Consulting","200","Accepted","Yes","mharris@acme.com","3034561234","07/13/2021","Marsha","Risk Assessment - Mar 2019","demo+GSIZR@seczetta.com","SOW Worker","C000273","Yes","Yes","Yes","Not Requested","ac110008-7a81-176e-817a-a138ce3b04a5","Harris","Active","9c2cc2cc439c4235a1ce64cd730b2206"
,"Acme Consulting","200",,,"Eduardo.Stevens@acme.com","","02/24/2021","Eduardo","SecZetta Health Check - July 2016","thook@seczetta.com",,"C000152","No","Yes","Yes",,"ac110004-77d2-1c5b-8177-d465ca480014","Stevens","Active","be89e8188c4840ec978e51921fbc31a9"
,"Optiv",,,,"Thomas.Frazier@optiv.com",,,"Thomas","Oracle Consulting Services - Mar 2011",,,,,,,,,"Frazier","Active","f0e7a8e73fd849269569445e7eaa50dc"
,"IBM",,,,"Edith.Richardson@ibm.com",,,"Edith","IAM Workshop Services - Aug 2010",,,,,,,,,"Richardson","Active","4ed98d864b164c6bb38eb5c7162eedd0"
,"Acme Consulting","200","Accepted",,"Dana.Coleman@acme.com","3126943333","04/29/2021","Dana","IAM Consulting Services - Nov 2017","demo+ADGMH@seczetta.com",,"C000190","No","Yes","Yes",,"ac11000a-78f0-1985-8179-1d3a58f701a6","Coleman","Terminated","0aff8a39c0af4496a5ef9d465dcdf9f6"
,"Protiviti",,,,"Ruby.Tucker@protiviti.com",,,"Ruby","IAM Quote - Mar 2017",,,,,,,,,"Tucker","Active","04ee7447177d4457b695da875c4040e6"
"No","Acme Consulting","200","Accepted","No","lrobertson@acme.com","3032343455","07/23/2021","Lucas","IAM Consulting Services - Nov 2017","demo+SLEXR@seczetta.com","SOW Worker","C000278","Yes","Yes","Yes","Not Requested","ac110009-7ac6-1853-817a-d469318800d1","Robertson","Active","0aa37c4fcaf0418aa3f307c44aff09a5"
,"Acme Consulting","200","Accepted",,"wwilliamson@acme.com","","05/11/2021","Wanda ","IAM Consulting Services - Nov 2017","demo+FQECX@seczetta.com",,"C000200","Yes","No","No",,"ac110004-793d-14e4-8179-5c5545a9012f","Williamson","Active","35f2bf79ff0b417f90667b9fbe2a7d7a"
,,,,,"billy.jean@seczetta.com",,,"Billy",,,,"000000096",,,,,,"Jean","Terminated","d716ce3c5a1143a3a9d57bd6079609a8"
"Yes","Acme Consulting","200","Accepted","No","Wade.Cruz@acme.com","","06/02/2021","Wade","Oracle Workshop - June 2015","demo+NXULJ@seczetta.com","SOW Worker","C000230","Yes","Yes","Yes","Not Requested","ac110008-79a9-1e0e-8179-cd92647c04ac","Cruz","Terminated","d25a5f6f41214abe8f60ed1a0b188d46"
,"Acme Consulting","200","Accepted",,"srichardson@acme.com","3036162541","05/10/2021","Sofia","IAM Consulting Services - Nov 2017","demo+RRYXV@seczetta.com",,"C000199","No","Yes","Yes",,"ac11000a-7951-1253-8179-579784930059","Richardson","Active","51936be3ca4c4dd9934fe233a84fc892"
,,,,,"lucas.miles@seczetta.com",,,"Lucas",,,,"000000094",,,,,,"Miles","Active","ce4fb955b69a4063bd24029c6fed9698"
,"Acme Consulting","200","Accepted",,"mday@acme.com","9703346675","05/18/2021","Mike","Identity Assessment - Sept 2020","demo+IWLWH@seczetta.com",,"C000205","Yes","Yes","No",,"ac110004-793d-14e4-8179-7ff9c2572ee1","Day","Active","77df0c729a8e4e989cd597e449876cc0"
,"Ernst & Young",,,,"Bessie.Gomez@ey.com",,,"Bessie","SailPoint Services - June 2010",,,,,,,,,"Gomez","Active","33d65b8dc734454f8be44d9a2f0c092b"
,"Cisco",,,,"Zoie.Christensen@acme.com",,,"Zoie","Oracle Health Check - Sept 2010",,,,,,,,,"Christensen","Terminated","4232c922578244b580e7e9fd111ae28e"
,"Gartner",,,,"Louise.Chambers@gartner.com",,,"Louise","SecZetta Implementation - Feb 2016",,,,,,,,,"Chambers","Active","a7eab80314f14e4d94cb1c4eac2ca172"
,"Acme Consulting","200","Accepted",,"jford@optiv.com","9702503355","04/08/2021","Joe","Oracle Workshop - June 2015","demo+FMVNY@seczetta.com",,"C000174","Yes","Yes","No",,"ac110008-785a-1fde-8178-b3011cbc04ec","Ford","Active","8bc458932c8b419187a6ae3498767796"
"No","Acme Consulting","200","Accepted","Yes","danderson@acme.com","3034561234","07/07/2021","Dean","Risk Assessment - Mar 2019","demo+NKWYH@seczetta.com","SOW Worker","C000265","Yes","Yes","Yes","Not Requested","ac110007-7a79-1039-817a-813f62c90063","Anderson","Active","ec1b6dd0fdee41fe942039e7f4054688"
"No","Acme Consulting","200","Accepted","Yes","j.oliver@acme.com","3032133454","07/29/2021","Jack","IAM Consulting Services - Nov 2017","demo+IANUZ@seczetta.com","SOW Worker","C000279","Yes","Yes","Yes","Not Requested","ac110009-7ac6-1853-817a-f361246402d5","Oliver","Active","104ec31b0f91400f90cb939af0f8e437"
"No","Acme Consulting","200","Accepted","Yes","Ian.Byrd@acme.com","3121231233","07/14/2021","Ian","SecZetta Health Check - July 2016","demo+IACJK@seczetta.com","SOW Worker","C000274","Yes","Yes","Yes","Not Requested","ac110008-7a81-176e-817a-a526248604ea","Byrd","Active","aac0afe049d4487b98742427800a4a5d"
,"Acme Consulting","200","Accepted",,"Diana.Craig@acme.com","9705565544","03/23/2021","Diana","SailPoint Services - Feb 2015","demo+QNJKB@seczetta.com",,"C000168","Yes","No","No",,"ac110006-785a-1fd0-8178-60673a8c011d","Craig","Active","0a3943c2273b48ffa369bca5b5c91463"
,"Gartner",,,,"Chris.Armstrong@gartner.com",,,"Chris","Risk Services - Mar 2017",,,,,,,,,"Armstrong","Active","9a1d4e1b4b7e4596b459b4666df89ea1"
,,,,,"Salvador.Lucas@acme.com",,,"Salvador",,,,,,,,,,"Lucas","Active","6083d6ba69b94dee889dafc3d8f44796"
,"Booz Allen Hamilton",,,,"Maureen.Fox@boozallen.com",,,"Maureen","SailPoint Consulting Services - Apr 2012",,,,,,,,,"Fox","Active","2c03ecec2dfb47bb908bd238eb167110"
,"Accenture",,,,"Georgia.Rivera@accenture.com",,,"Georgia","SailPoint Quote - Oct 2010",,,,,,,,,"Rivera","Active","37e5250a2ae041509fa7335ae7b7a596"
"No","Acme Consulting","200","Accepted","No","Kylie.Fletcher@acme.com","9807881236","06/22/2021","Kylie","Oracle Workshop - June 2015","demo+OWWIE@seczetta.com","SOW Worker","C000248","Yes","Yes","Yes","Not Requested","ac11000a-7a34-165d-817a-34a029e70000","Fletcher","Active","19d25bbfa43c43adbc0fab18fbd0f7fe"
,"Cisco",,,,"Rebecca.Morales@acme.com",,,"Rebecca","Oracle Health Check - Sept 2010",,,,,,,,,"Morales","Active","cce4783e9fbc4eddb7d77795e8bf6e63"
"No","Acme Consulting","200","Accepted","No","Stacy.Nelson@acme.com","9702401457","06/28/2021","Stacy","Oracle Workshop - June 2015","demo+GKFQU@seczetta.com","SOW Worker","C000256","Yes","Yes","Yes","Not Requested","ac11000a-7a34-165d-817a-53a33a880153","Nelson","Active","357cfe1b059341b19967d303ae749f67"
,"Cisco",,,,"Elaine.Torres@acme.com",,,"Elaine","Oracle Health Check - Sept 2010",,,"C89733321",,,,,,"Torres","Active","b9d0f6a5db3943af8120f147e56000a5"
,"PWC",,,,"Monica.Walters@pwc.com",,,"Monica","Active Directory Implementation - Oct 2014",,,,,,,,,"Walters","Active","433259ecb6824ac4964961439ba3985b"
,"Cisco","200",,,"bcox@cisco.com","5551234567","03/12/2021","Bernadette","Active Directory Workshop - Apr 2012","thook@seczetta.com",,"C000161","No","Yes","Yes",,"ac11000a-781e-1ec7-8178-27fb1b5a004d","Cox","Active","36fe742cfa8749c691a8fcdf5d2e70fd"
,"Acme Consulting","200","Accepted",,"Perry.Mills@acme.com","9704456677","04/14/2021","Perry","Oracle Workshop - June 2015","demo+AJMOX@seczetta.com",,"C000177","No","No","Yes",,"ac110006-78cc-1bda-8178-d1e34e4f008e","Mills","Active","128cebbed8bf42e380a26fa747c06457"
,,,,,"Joan.Stanley@acme.com",,,"Joan",,,,,,,,,,"Stanley","Active","f027def385b44e06a089df89e3b2a4f3"
,"Deloitte",,,,"Mario.Jensen@deloitte.com",,,"Mario","SecZetta Workshop - Jan 2015",,,,,,,,,"Jensen","Active","ab80bbefed5744ab8b6446d311e55980"
,"Accenture",,,,"Julia.Lane@accenture.com",,,"Julia","SailPoint Quote - Oct 2010",,,,,,,,,"Lane","Active","2496db7b3b204b1d90ae16107cb4eed9"
,"Acme Consulting","200","Accepted",,"Gabriel.Brooks@acme.com","9705568866","03/24/2021","Gabriel","Oracle Workshop - June 2015","demo+SMCAM@seczetta.com",,"C000170","No","No","No",,"ac110008-785a-1fde-8178-80ec7d2302e8","Brooks","Active","8b551294e55f4da0b55a11bfca6ce743"
"No","Acme Consulting","200","Accepted","No","lboyd@acme.com","","07/13/2021","Luke","Oracle Workshop - June 2015","demo+YJKVC@seczetta.com","SOW Worker","C000269","Yes","Yes","Yes","Not Requested","ac110006-7a91-1f4f-817a-9ff1dc33005e","Boyd","Active","5b4e65ebe05a4fc79cbd6b06a90544cf"
,,,,,"Luke.Woods@acme.com",,,"Luke",,,,,,,,,,"Woods","Active","1718cc2ecb4b43b59fc79ef3e7611c55"
,"Cisco","200",,,"cmurphy@worldmovers.com","","02/26/2021","Conner","Oracle Health Check - Sept 2010","thook@seczetta.com",,"C000155","No","Yes","Yes",,"ac110004-77d2-1c5b-8177-df14f6b50083","Murphy","Active","0bc3e47b2ff642adbe75236b5fc44837"
"No","Acme Consulting","200","Accepted","No","jsmith@acme.com","303-555-9876","06/01/2021","John","On-Demand Outage Services - 2021","demo+UJDQL@seczetta.com","SOW Worker","C000229","No","No","Yes","Not Requested","ac11000a-79c1-1d05-8179-c8c36e09003e","Smith","Active","c3ed4980d52a46e9b8778e89622728a5"
,"Optiv",,,,"Brennan.Cook@acme.com","3126943434","03/12/2021","Peggy","Oracle Consulting Services - Mar 2011","thook@seczetta.com",,"C000776",,,,,,"Spencer","Terminated","0c83aeca4222482894e028916451d237"
,"Acme Consulting","200","Accepted",,"Fred.Rodriguez@acme.com","3124554567","03/25/2021","Fred","On-Demand Outage Services - 2021","demo+FVQMC@seczetta.com",,"C000171","No","Yes","Yes",,"ac110006-785a-1fd0-8178-69c51f6c01bf","Rodriguez","Active","eb62067daae8432c97e1e5172db50ade"
"Yes","Acme Consulting","200","Accepted","No","jdillon@acme.com","","05/19/2021","Jerry","IAM Consulting Services - Nov 2017","demo+GHSUF@seczetta.com","SOW Worker","C000217","Yes","Yes","Yes","Not Requested","ac110004-793d-14e4-8179-85aec41d333e","Dillon","Active","fd8e1e36826747a5b2b65c68cf864263"
,"Deloitte",,,,"Roy.Patterson@deloitte.com",,,"Roy","Oracle Consulting Services - Feb 2014",,,,,,,,,"Patterson","Active","a5547be5f8824667a12e04debd1656b9"
,,,,,"Jose.Morrison@acme.com",,,"Jose",,,,,,,,,,"Morrison","Active","888c32fde91b4a60aacba13d086b355d"
,"Protiviti",,,,"Adrian.Bates@protiviti.com",,,"Adrian","Oracle Implementation - July 2011",,,,,,,,,"Bates","Active","1c3c9784d14b45a3b031534959fe7f18"
"Yes","Acme Consulting","200","Accepted","No","Theodore.Washington@acme.com","3121231232","05/19/2021","Theodore","On-Demand Outage Services - 2021","demo+HBHAU@seczetta.com","SOW Worker","C000213","Yes","Yes","Yes","Not Requested","ac110004-793d-14e4-8179-84f9cd1e2f37","Washington","Active","3471d66e0c0e436fa0c888ef1c3da53e"
,"Acme Consulting","200","Accepted","No","Roland.Black@acme.com","9706775566","08/04/2021","Roland","Oracle Workshop - June 2015","demo+FHPFL@seczetta.com","SOW Worker","C000281","No","No","No","Not Requested","ac110005-7afe-15e1-817b-11dc68540126","Black","Active","6b33f8c008ab42c0bd59244f5602cc85"
,"Acme Consulting","200","Accepted","Yes","Same.Romero@acme.com","","08/05/2021","Same","SecZetta Health Check - July 2016","demo+ETKGU@seczetta.com","SOW Worker","C000282","No","No","No","Not Requested","ac110006-7af4-148c-817b-17677fd90240","Romero","Active","f017e4f0d5a24530ad3f4e4d93f5eae0"
,"Acme Consulting","200","Accepted","No","Arthur.Hudson@acme.com","98007787766","06/22/2021","Arthur","On-Demand Outage Services - 2021","demo+DFISN@seczetta.com","SOW Worker","C000249","Yes","Yes","No","Not Requested","ac110007-7a34-1647-817a-35b79568003d","Hudson","Active","ef163fa69cb345a7884fce07cac16622"
"No","Acme Consulting","200","Accepted","No","Leo.Young@acme.com","9703461234","06/30/2021","Leo","SailPoint Implementation Services - July 2019","demo+QFWSI@seczetta.com","SOW Worker","C000261","Yes","Yes","Yes","Not Requested","ac110007-7a34-1647-817a-5dd3b181027f","Young","Active","6774569fb5d54701961f88cd04b49518"
,,,,,"Marjorie.Montgomery@acme.com",,,"Marjorie",,,,,,,,,,"Montgomery","Active","dbcbd00c660f4a9287ee24c84fd7639e"
"No","Acme Consulting","200","Accepted","No","Brittany.Lee@acme.com","3126943434","07/08/2021","Brittany","Identity Assessment - Sept 2020","demo+ZODEQ@seczetta.com","SOW Worker","C000267","Yes","Yes","Yes","Not Requested","ac110007-7a79-1039-817a-8777010d0398","Lee","Active","54b2f156dae642e1b0202a1b328f4506"
,"Acme Consulting",,"Accepted","Yes","wbluem@acme.com","","05/20/2021","William","Oracle Workshop - June 2015","demo+BZQTT@seczetta.com","SOW Worker","C000219",,,,"Not Requested",,"Bluem","Active","867e7f6a4dc543289088c39aeb4dc93b"
"No","Acme Consulting","200","Accepted","No","lbryant@acme.com","3034561234","07/02/2021","Lydia","Identity Assessment - Sept 2020","demo+RYZET@seczetta.com","SOW Worker","C000262","Yes","Yes","Yes","Not Requested","ac110007-7a34-1647-817a-68313afa0315","Bryant","Active","3b53f4b741ce458580895eaa6e5749c5"
"No","Acme Consulting","200","Accepted","No","Julie.Mitchelle@acme.com","9705671445","06/29/2021","Julie","Identity Assessment - Sept 2020","demo+BVNKO@seczetta.com","SOW Worker","C000258","Yes","Yes","Yes","Not Requested","ac110007-7a34-1647-817a-57e70fc801b2","Mitchelle","Active","2f1fb153a76e42dba0796cf9f22b1f8a"
,,,,,"Emily.Knight@acme.com",,,"Emily",,,,,,,,,,"Knight","Active","a65a6b301b3f48f4aeb4df6de284352e"
"No","Acme Consulting","200","Accepted","No","rhamilton@acme.com","3033151234","07/13/2021","Ruby","Risk Assessment - Mar 2019","demo+PVLGP@seczetta.com","SOW Worker","C000270","Yes","Yes","Yes","Not Requested","ac110008-7a81-176e-817a-a01bf8830482","Hamilton","Active","4f7b286b6c1c48dbb92b7395455a5c16"
,"Protiviti",,,,"Fred.Taylor@protiviti.com",,,"Fred",,,,,,,,,,"Taylor","Active","f20bcea2c4494d869c775c157a119733"
,"Cisco","200","Accepted",,"Jamie.Reynolds@acme.com","9702601238","03/18/2021","Jamie","Oracle Workshop - June 2015","demo+KDBFD@seczetta.com",,"C000164","No","Yes","Yes",,"ac110006-7837-1398-8178-462dc1ac076e","Reynolds","Active","cbc91451a58d4507b5a8b3fd62c91c51"
,"PWC",,,,"Jose.Jackson@pwc.com",,,"Jose",,,,,,,,,,"Jackson","Active","da8b44884533441c92a8b4c8f1fe8274"
,"KPMG",,,,"Benjamin.Carlson@kpmg.com",,,"Benjamin",,,,,,,,,,"Carlson","Active","635b24b61908419a86de88edd7712e34"
,"Acme Consulting","200","Accepted",,"bperry@acme.com","13035647896","04/21/2021","Bradley","On-Demand Outage Services - 2021","demo+OQKGT@seczetta.com",,"C000183","No","Yes","Yes",,"ac110006-78f0-197f-8178-f46225200052","Perry","Active","ffd712f58b7145c48e1d27d93cea5eec"
,"Deloitte",,,,"Joanne.Watson@deloitte.com",,,"Joanne",,,,,,,,,,"Watson","Active","7d5a66250d6a475bb887f33c81c7803a"
"Yes","Acme Consulting","200","Accepted","Yes","jfrost@acme.com","897445334","05/19/2021","James","Identity Assessment - Sept 2020","demo+GQLYD@seczetta.com","SOW Worker","C000218","Yes","Yes","Yes","Not Requested","ac110008-797a-17be-8179-863d01fa02b5","Frost","Active","7a159221534f4ad1a79224c846c3e808"
,"Ernst & Young",,,,"Ethel.Fisher@ey.com",,,"Ethel",,,,,,,,,,"Fisher","Active","0fa5e59d21ef4e5b8f7e5b5b00ddec1c"
,"Cisco","200","Accepted",,"Vickie.Pearl@acme.com","9706502277","03/23/2021","Vickie","Oracle Workshop - June 2015","demo+JKWMS@seczetta.com",,"C000166","Yes","No","No",,"ac110008-785a-1fde-8178-5f4aa6310046","Pearl","Active","42586f8198ff4f8eab8bc0f49cee6e94"
"No","Acme Consulting","200","Accepted","No","alexa@acme.com","3039876789","06/23/2021","Alexa","SailPoint Services - Feb 2015","demo+PERVQ@seczetta.com","SOW Worker","C000251","Yes","Yes","Yes","Not Requested","ac11000a-7a34-165d-817a-39c5b346005e","Porter","Active","809c50a57d474a48bebcd4a36ed21091"
"No","Acme Consulting","200","Accepted","No","tblack@acme.com","3036541234","06/11/2021","Tiffany","Risk Assessment - Mar 2019","demo+DSXYJ@seczetta.com","SOW Worker","C000239","Yes","Yes","Yes","Not Requested","ac11000a-79c1-1d05-8179-fc2636cf0710","Black","Active","acb04a00ae554a948e25aea49063dc69"
,"PWC",,,,"Caleb.Watkins@pwc.com",,,"Caleb",,,,,,,,,,"Watkins","Active","8c53e1bbdf524396841a2f5bab192b06"
,"IBM",,,,"Emma.Armstrong@ibm.com",,,"Emma",,,,,,,,,,"Armstrong","Active","f0bafa281fb143fc8782394e60c6ad84"
,"Acme Consulting","200",,,"AMason@acme.com","5089776655","02/05/2021","Andy","Risk Assessment - Mar 2019","thook@seczetta.com",,"C000137","No","No","Yes",,"ac11000a-76f4-18c2-8177-7332a4da1239","Mason","Active","d1a187ebe3b64e98ae76e44b5d25f72d"
"No","Acme Consulting","200","Accepted","No","Charlie.Bryant@acme.com","9870098878","07/14/2021","Charlie","Risk Assessment - Mar 2019","demo+TXONZ@seczetta.com","SOW Worker","C000275","Yes","Yes","Yes","Not Requested","ac110006-7a91-1f4f-817a-a6a40d7e00fd","Bryant","Terminated","87bb0806e03b4b0ca579022c219a88d6"
"No","Acme Consulting","200","Accepted","No","rcarter@acme.com","3034561234","07/13/2021","Raymond","Risk Assessment - Mar 2019","demo+JBMIZ@seczetta.com","SOW Worker","C000272","Yes","Yes","Yes","Not Requested","ac110006-7a91-1f4f-817a-a0e37965007e","Carter","Active","87c60e9d28f64bbb910fb37adac8c30f"
,"Ernst & Young",,,,"Rafael.Peters@ey.com",,,"Rafael",,,,,,,,,,"Peters","Active","d0a252aeb6454e5d8cf31fece099e698"
,"Acme Consulting","200","Accepted",,"Patsy.Long@acme.com","3126943333","05/13/2021","Patsy","SailPoint Implementation Services - July 2019","demo+DZJNQ@seczetta.com",,"C000203","No","Yes","Yes",,"ac11000a-7951-1253-8179-66e561b802b8","Long","Active","c996b9fc82664ce19091f65d27e95d4f"
,"Accenture",,,,"Elsie.Gibson@accenture.com",,,"Elsie",,,,,,,,,,"Gibson","Active","b9dd5c8605db4364a4e179a2d85b34ee"
,"Acme Consulting",,"Accepted",,"rbailey@acme.com","8167899876","04/21/2021","Rodney","Oracle Workshop - June 2015","demo+SDIER@seczetta.com",,,,,,,,"Bailey","Terminated","767eb4a6018a4a1d96a6e3c23944e447"
"No","Acme Consulting","200","Accepted","Yes","eporter@acme.com","6144567654","05/25/2021","Emily","Identity Assessment - Sept 2020","demo+OFHLK@seczetta.com","SOW Worker","C000222","Yes","Yes","Yes","Not Requested","ac11000c-798b-119e-8179-a517eec90f11","Porter","Active","4cce861b6ae44f769a7ffbc34ded41ef"
,"Acme Consulting","200","Accepted",,"Bbob@acme.com","","05/18/2021","Billy ","Identity Assessment - Sept 2020","demo+TRYEQ@seczetta.com",,"C000206","Yes","Yes","Yes",,"ac110004-793d-14e4-8179-81bad7a52f14","Bob","Active","1fbfa3c110974295bcc015a0d474f285"
,"Accenture",,,,"Diane.Peters@acme.com","3121231233",,"Diane",,,,,"Yes","No","Yes",,,"Peters","Active","fec26df2a1324632806205bf4c24e694"
"Yes","Acme Consulting","200","Accepted","No","Bradley.Edwards@acme.com","3126943232","05/19/2021","Bradley","SecZetta Health Check - July 2016","demo+IVLAH@seczetta.com","SOW Worker","C000209","Yes","Yes","Yes","Not Requested","ac110008-797a-17be-8179-84d7eb2600e5","Edwards","Active","aa44909ecaf54903a45dae3aa2f7ccc8"
,"Acme Consulting","200","Accepted",,"gharris@acme.com","3035551234","04/21/2021","Gordon","HR Implementation Services - Feb 2015","demo+XFCBA@seczetta.com",,"C000180","No","No","No",,"ac110006-78f0-197f-8178-f25916140041","Harris","Terminated","ef48fc3aa1c149db8bd6942e23dddbbd"
,"Acme Consulting","200","Accepted","No","Frederick.Fields@acme.com","9801235598","06/23/2021","Frederick","Oracle Workshop - June 2015","demo+WUMBC@seczetta.com","SOW Worker","C000250","Yes","Yes","No","Not Requested","ac110007-7a34-1647-817a-399799c30087","Fields","Active","3d03b888003e429db7221e06c7af90f8"
,"Acme Consulting","200",,,"ERussell@acme.com","9703502237","03/11/2021","Jesse","Oracle Workshop - June 2015","thook@seczetta.com",,"C000160","No","No","No",,"ac11000a-781e-1ec7-8178-25bc5e8a002d","Mitchell","Active","e283c482a648423f81979c602fcbe832"
,"Acme Consulting","200",,,"Aaron.Bailey@focalpoint.com","3126943333","01/22/2021","Aaron","SailPoint Implementation Services - July 2019","thook@seczetta.com",,"C000125","No","Yes","Yes",,"ac11000a-76f4-18c2-8177-2b32edf4071d","Bailey","Active","3ab7e12f55764295954dd72b0b533205"
,"Acme Consulting","200","Accepted",,"ssmith@acme.com","8162177560","04/14/2021","Shawn","SailPoint Implementation Services - July 2019","demo+DFAGJ@seczetta.com",,"C000178","No","No","Yes",,"ac110006-78cc-1bda-8178-ec7ef9e3018c","Smith","Active","2efc251cdfcc4668b21de64375a50051"
"Yes","Acme Consulting","200","Accepted","No","Ron.Perry@acme.com","9702301234","06/08/2021","Ron","On-Demand Outage Services - 2021","demo+EAHAH@seczetta.com","SOW Worker","C000236","Yes","Yes","Yes","Not Requested","ac110009-79d0-15ab-8179-ec3c5ed1014d","Perry","Active","6ac8be5ba60c4c51b44684cea3410720"
,,,,,"Jackie.Larson@acme.com","+46 43-345 34 34",,"Jackie",,,,,,,,,,"Larson","Active","0605ac1c948049fabd65dc309a1e03b7"
,"Acme Consulting","200","Accepted",,"lconners@acme.com","9138887896","04/21/2021","Lee","Oracle Workshop - June 2015","demo+YVSLE@seczetta.com",,"C000184","No","Yes","Yes",,"ac11000a-78f0-1985-8178-f4713b6d0040","Conners","Active","be66aa76af8f4ad089d3c9d8ee9bec9b"
,"Acme Consulting",,"Accepted",,"Warren.Hoffman@acme.com","3126943333","04/16/2021","Warren","On-Demand Outage Services - 2021","demo+CYCJF@seczetta.com",,,,,,,,"Hoffman","Terminated","2e37e4258ff743dc9a4c2ccfb609051a"
"No","Acme Consulting","200","Accepted","No","Nicholas.Campbell@acme.com","3126954545","06/25/2021","Nick","Identity Assessment - Sept 2020","demo+XSUDB@seczetta.com","SOW Worker","C000255","Yes","Yes","Yes","Not Requested","ac11000a-7a34-165d-817a-44e6953c012d","Campbell","Active","7a8288f41c0b418a8c1813f8cee29f6d"
,,,,,"Troy.Johnson@siue.edu",,,"Troy",,,,,,,,,,"Johnson","Active","dcc3c6c93d0d4752b7ebccec8e447d0c"
"No","Acme Consulting","200","Accepted","No","Nicholas.Peters@acme.com","3129643323","06/01/2021","Nicholas","On-Demand Outage Services - 2021","demo+ZCXTP@seczetta.com","SOW Worker","C000228","No","Yes","Yes","Not Requested","ac11000a-79c1-1d05-8179-c88220520034","Peters","Active","3dbacc91fe40445e966bbf34dd9a4bf1"
,,,,,"Nina.Jordan@acme.com",,,"Nina",,,,,,,,,,"Jordan","Active","6497559b19664a1483c06db5c8ddbf00"
,"Acme Consulting","200","Accepted",,"thart@acme.com","3032146542","05/12/2021","Troy","SailPoint Services - Feb 2015","demo+IHGLS@seczetta.com",,"C000201","No","Yes","Yes",,"ac110004-793d-14e4-8179-616bc92101bc","Hart","Active","a66ff8aff4a34d9b85c78140bdc1bb6c"
,"Cisco",,,,"FCarroll@acme.com","3126943333","02/26/2021","Howard","On-Demand Outage Services - 2021","thook@seczetta.com",,"C000156",,,,,,"Lowe","Active","f75d1094b7db48b69895675b25d1f197"
,"Protiviti",,,,"Pedro.Coleman@protiviti.com",,,"Pedro",,,,,,,,,,"Coleman","Active","3c7ca2a86a6548828389212eaf059561"
,"Cisco",,,,"PSpencer@acme.com",,"03/17/2021","Peggy","Oracle Consulting Services - Mar 2011","thook@seczetta.com",,"C000277",,,,,,"Spencer","Terminated","dcd2b306ca0d4c3f86489961dc9f0d9e"
,"Deloitte",,,,"Jon.Lewis@deloitte.com",,,"Jon",,,,,,,,,,"Lewis","Active","1de9eb35242f467ca3fd87499e46a833"
"No","Acme Consulting","200","Accepted","No","Veronica.Dunn@acme.com","3126943434","06/23/2021","Veronica","Identity Assessment - Sept 2020","demo+PVJFW@seczetta.com","SOW Worker","C000252","Yes","Yes","Yes","Not Requested","ac11000a-7a34-165d-817a-39e88ae70063","Dunn","Active","f395fe4cec5c490d95ac7dfb9df3ed26"
,"IBM",,,,"Debbie.Ramos@ibm.com",,,"Debbie",,,,,,,,,,"Ramos","Active","9d0689505fe648148a69eded2b610b68"
,"Acme Consulting","200","Accepted","No","Byron.Fuller@acme.com","9703501235","06/16/2021","Byron","SailPoint Implementation Services - July 2019","demo+ECAUA@seczetta.com","SOW Worker","C000245","Yes","Yes","No","Not Requested","ac110009-7a10-13b9-817a-170c235c00c0","Fuller","Active","c00c72117e974facb4e893da473bc6ec"
,"Acme Consulting","200","Accepted",,"Dwight.Black@acme.com","9872341122","03/23/2021","Dwight","SailPoint Implementation Services - July 2019","demo+QBRLG@seczetta.com",,"C000167","Yes","No","No",,"ac110006-785a-1fd0-8178-600de83d0115","Black","Terminated","c738a34d85454e61916f8a43d2108f13"
,"Acme Consulting","200","Accepted",,"lilymiles@acme.com","3036625896","04/26/2021","Lily","IAM Consulting Services - Nov 2017","demo+BIVQZ@seczetta.com",,"C000188","No","Yes","Yes",,"ac110006-78f0-197f-8179-101556250157","Miles","Active","e1b1093d53ef40cb9f38d1f8088310dc"
,"Acme Consulting","200","Accepted","No","Teresa.hafiz@acme.com","","06/14/2021","Teresa","Identity Assessment - Sept 2020","demo+WXJGA@seczetta.com","SOW Worker","C000242","No","No","No","Not Requested","ac110009-7a10-13b9-817a-1a9705d307c2","Hafiz","Active","49dd0ee93e8d4d8aa3e7c9b806e0dfdb"
,"Acme Consulting","200","Accepted","No","Sergio.Carlson@acme.com","9703462233","07/20/2021","Sergio","Risk Assessment - Mar 2019","demo+ABKWQ@seczetta.com",,"C198767","Yes","Yes","Yes",,,"Carlson","Active","a92fc58235174702ae96568ef1673130"
,"Acme Consulting",,"Accepted",,"Wendy.Welch@acme.com","9703453334","03/23/2021","Wendy","IAM Consulting Services - Nov 2017","demo+ATWCM@seczetta.com",,,,,,,,"Welch","Terminated","2cd24de92e744f50860bfc31e678d136"
,"Acme Consulting","200","Accepted","No","Jenny Wright@acme.com","3126943434","05/19/2021","Jenny","On-Demand Outage Services - 2021","demo+CRKMX@seczetta.com","SOW Worker","C000214","Yes","Yes","Yes","Not Requested",,"Wright","Active","1a2b191195ee438c9214fcb7755a3ea8"
,"Acme Consulting",,,,"Caroline.Stanley@acme.com",,,"Caroline","Oracle Workshop - June 2015",,,,,,,,,"Stanley","Terminated","472f999bc1244423a2171cd944ade900"
,"Cisco",,,,"Flenn.Baker@cisco.com",,,"Flenn",,,,,,,,,,"Baker","Active","87f8d3c5f9e84a138ee6eafd2a3eec7e"
,"Acme Consulting","200","Accepted",,"lshaw@acme.com","","04/09/2021","Luis","Oracle Workshop - June 2015","demo+EIFMM@seczetta.com",,"C000175","No","Yes","Yes",,"ac110008-785a-1fde-8178-b7a4a037052e","Shaw","Active","5446c6b86b434dde9fec8e4158d857d0"
,"Cisco",,,,"Dolores.Jensen@cisco.com",,,"Dolores",,,,,,,,,,"Jensen","Active","d98448847916426988e24a1e640c2168"
"No","Acme Consulting","200","Accepted","Yes","Lauren.Dean@acme.com","3126843434","07/08/2021","Lauren","SecZetta Health Check - July 2016","demo+DDZOX@seczetta.com","SOW Worker","C000266","Yes","Yes","Yes","Not Requested","ac110008-7a81-176e-817a-871e0ff30055","Dean","Active","04c1b3ae0f2d46a084dce9ce6ae8621b"
,,,,,"Raymond.Howard@acme.com",,,"Raymond",,,,,,,,,,"Howard","Active","56c4957e6166444ea50f4c227315aef3"
,"Booz Allen Hamilton",,,,"Micheal.Hughes@boozallen.com",,,"Micheal",,,,,,,,,,"Hughes","Active","a2ab4555326a42ffb6d1cad4bbe95aee"
"No","Acme Consulting","200","Accepted","Yes","Natalie.Gomez@acme.com","","07/06/2021","Natalie","Oracle Workshop - June 2015","demo+CFXYN@seczetta.com","SOW Worker","C000264","Yes","Yes","Yes","Not Requested","ac110007-7a79-1039-817a-7d2ed25d0021","Gomez","Active","77f0f988ce294309a5c04fbd03ffba2a"
,"Acme Consulting","200","Accepted",,"tcarr@acme.com","3039684563","04/27/2021","Travis","IAM Consulting Services - Nov 2017","demo+OEQJR@seczetta.com",,"C000189","No","Yes","Yes",,"ac110006-78f0-197f-8179-13f0263f0471","Carr","Active","507dc254f30b4e1298372fdde8ccb0af"
,"Booz Allen Hamilton","200",,,"robertagronk@acme.com","8162177560","03/12/2021","Roberta","IAM Consulting Services - Nov 2017","thook@seczetta.com",,"C000162","No","Yes","Yes",,"ac11000a-781e-1ec7-8178-2864a4bd0054","Gronk","Terminated","629c9ff837b34e0ea8a1c712b8dc9871"
,,,,,"thook@seczetta.com",,,"Michelle",,,,,,,,,,"Grant","Active","2665220d045b4b19b0b43569b98ba071"
,"Gartner",,,,"Byron.Powell@gartner.com",,,"Byron",,,,,,,,,,"Powell","Active","73c8e41e29f84351bc438ec127744bb0"
,"Booz Allen Hamilton",,,,"Morris.Butler@boozallen.com",,,"Morris",,,,,,,,,,"Butler","Active","c87a899d9dcb4211b212db3a9d09f902"
,,,,,"christine.mik@seczetta.com",,,"Christine",,,,"000000099",,,,,,"Mik","Active","dd42afa775bd43e8bbe392f67c1707db"
,"Acme Consulting","200","Accepted",,"hpopvick@acme.com","","05/18/2021","Heather","Oracle Workshop - June 2015","demo+KMFWR@seczetta.com","SOW Worker","C000207","Yes","Yes","Yes","Not Requested","ac110008-797a-17be-8179-81c0ecc400b2","Popvick","Active","2f20c25fcdd5465eb48c458deca9f4d8"
,"Acme Consulting","200","Accepted",,"Irma.Prescott@acme.com","3126943434","05/05/2021","Irma","SailPoint Implementation Services - July 2019","demo+LXQOW@seczetta.com",,"C000194","Yes","No","Yes",,"ac110006-78f0-197f-8179-3cc8d7f40643","Prescott","Active","f9f13093a2484fc7a7fdedbaabdf6160"
"Yes","Acme Consulting","200","Accepted","Yes","Kim.Jackson@acme.com","9802601235","05/26/2021","Kim","IAM Consulting Services - Nov 2017","demo+LPWEQ@seczetta.com","SOW Worker","C000225","Yes","Yes","Yes","Not Requested","ac110008-79a9-1e0e-8179-a9e9284c000a","Jackson","Terminated","02f6cfb7677e4c40903334b9e0975eba"
,"KPMG",,,,"Marion.Harvey@kpmg.com",,,"Marion",,,,,,,,,,"Harvey","Active","81517449d4084d24ae5ca82c1a827100"
,,,,,"dale.watts@seczetta.com",,,"Dale",,,,"000000095",,,,,,"Watts","Active","11e24e4dc02149f1b719417c9dbf63ea"
,"Acme Consulting","200",,,"Albert.Brooks@acme.com","3126943434","02/05/2021","Albert","IAM Consulting Services - Nov 2017","thook@seczetta.com",,"C000138","No","Yes","Yes",,"ac11000a-76f4-18c2-8177-738d86e4123c","Brooks","Active","8e8f6e3b6f53483193ec813914d72c78"
,"Acme Consulting","200","Accepted",,"amorgan@acme.com","3035677896","04/21/2021","Amelia","SailPoint Implementation Services - July 2019","demo+HWWPT@seczetta.com",,"C000185","No","Yes","Yes",,"ac110006-78f0-197f-8178-f4a2136a005b","Morgan","Active","cb66e0ece6bb4a5380e08b463cc18479"
,,,,,"Nelson.Jones@acme.com",,,"Nelson",,,,,,,,,,"Jones","Active","8c08dc2b50f44eea9bd786e0e549c60b"
"No","Acme Consulting","200","Accepted","Yes","bdavis@acme.com","3032156987","06/08/2021","Bruce","Identity Assessment - Sept 2020","demo+SFXOW@seczetta.com","SOW Worker","C000235","Yes","Yes","Yes","Not Requested","ac11000a-79c1-1d05-8179-ebdbf7e705bd","Davis","Active","0dc2488f5f4b45728bdd87a5c683348f"
,,,,,"Chris.Gutierrez@acme.com",,,"Chris",,,,,,,,,,"Gutierrez","Active","5dfce49a58d74cf49d1cb79a69c56661"
